<?xml version="1.0" encoding="utf-8"?>
<DataModelInfo xmlns:xsd="http://www.w3.org/2001/XMLSchema" xmlns:xsi="http://www.w3.org/2001/XMLSchema-instance" xmlns="http://schemas.qualisystems.com/ResourceManagement/DataModelSchema.xsd">
  <Attributes>
    <AttributeInfo Name="Subnet CIDR" Type="String" DefaultValue="" IsReadOnly="false">
      <Rules>
        <Rule Name="Configuration" />
      </Rules>
    </AttributeInfo>
  </Attributes>
  <ResourceFamilies>
    <ResourceFamily Name="QS Field Utility Services" ImagePath="QS Field Utility Services_Family.png" Description="" IsAdminOnly="true" IsService="true" ServiceType="Regular" AllowRemoteConnection="false">
      <AttachedAttributes />
      <AttributeValues />
      <Models>
        <ResourceModel Name="Address Finder" Description="" SupportsConcurrentCommands="false">
          <AttachedAttributes />
          <AttributeValues />
          <ParentModels />
          <Drivers>
            <DriverName>ipcalc</DriverName>
          </Drivers>
          <Scripts />
        </ResourceModel>
      </Models>
      <Categories>
        <Category>QS Field Utility Services</Category>
      </Categories>
    </ResourceFamily>
    <ResourceFamily Name="Address Pool" Description="" IsSearchable="true" ResourceType="Resource" AllowRemoteConnection="true">
      <AttachedAttributes />
      <AttributeValues />
      <Models>
        <ResourceModel Name="IP Container" Description="" SupportsConcurrentCommands="false">
          <AttachedAttributes>
            <AttachedAttribute Name="Subnet CIDR" IsOverridable="true" IsLocal="true">
              <AllowedValues />
            </AttachedAttribute>
          </AttachedAttributes>
          <AttributeValues>
            <AttributeValue Name="Subnet CIDR" Value="" />
          </AttributeValues>
          <ParentModels />
          <Drivers />
          <Scripts />
        </ResourceModel>
      </Models>
      <Categories />
    </ResourceFamily>
    <ResourceFamily Name="Address" Description="" IsSearchable="true" ResourceType="Resource" AllowRemoteConnection="true">
      <AttachedAttributes />
      <AttributeValues />
      <Models>
        <ResourceModel Name="IP Address" Description="" SupportsConcurrentCommands="false">
          <AttachedAttributes />
          <AttributeValues />
          <ParentModels>
            <ParentModelName>IP Container</ParentModelName>
          </ParentModels>
          <Drivers />
          <Scripts />
        </ResourceModel>
      </Models>
      <Categories />
    </ResourceFamily>
  </ResourceFamilies>
  <DriverDescriptors>
    <DriverDescriptor Name="ipcalc" Description="Describe the purpose of your CloudShell shell" DriverType="PythonDriver" />
    <DriverDescriptor Name="Python Setup &amp; Teardown" Description="This driver is used for running Python scripts in the environment setup and teardown. To use this driver, make sure you select a suitable setup and/or teardown script." DriverType="TestShellDriver" />
  </DriverDescriptors>
  <ScriptDescriptors>
    <ScriptDescriptor Name="Default Sandbox Teardown 2.0" CategoryName="Hidden Commands" Version="1.3.0.28 " Alias="Teardown script">
      <ScriptInputs />
    </ScriptDescriptor>
    <ScriptDescriptor Name="Default Sandbox Setup 2.0" CategoryName="Hidden Commands" Version="1.3.0.28 " Alias="Setup script">
      <ScriptInputs />
    </ScriptDescriptor>
  </ScriptDescriptors>
</DataModelInfo>